frame,video_t,source,track_id,label,category,conf,det_conf,clip_verify,x1,y1,x2,y2,lat,lon,range_m
648,10.81,rdd,106,Longitudinal Crack,crack,0.588,0.588,,667.3,454.1,761.1,534.5,36.6444045,-93.2329297,4.2
660,11.01,rdd,106,Longitudinal Crack,crack,0.458,0.458,,667.2,457.1,762.5,539.1,36.6444121,-93.2329647,4.1
684,11.41,rdd,106,Longitudinal Crack,crack,0.535,0.535,,677.2,470.1,768.2,548.6,36.6444278,-93.2330342,3.9
828,13.81,rdd,141,Longitudinal Crack,crack,0.558,0.558,,387.8,433.2,514.9,544.6,36.644507,-93.2334974,4.2
840,14.01,rdd,141,Longitudinal Crack,crack,0.542,0.542,,387.6,434.2,514.2,545.2,36.6445144,-93.2335407,4.2
852,14.21,rdd,141,Longitudinal Crack,crack,0.425,0.425,,385.2,430.9,518.5,547.8,36.6445087,-93.2335839,4.1
864,14.41,rdd,141,Longitudinal Crack,crack,0.52,0.52,,383.2,429.0,518.3,547.4,36.6445027,-93.2336279,4.1
876,14.61,rdd,141,Longitudinal Crack,crack,0.398,0.398,,385.5,432.9,515.9,547.2,36.6444968,-93.2336719,4.2
888,14.81,rdd,141,Longitudinal Crack,crack,0.473,0.473,,389.9,436.9,516.1,547.5,36.644491,-93.2337157,4.1
1428,23.82,world,,traffic cone,blockage,0.461,0.231,0.692,196.6,400.1,207.9,431.7,36.6439609,-93.235452,15.5
2112,35.24,rdd,404,Longitudinal Crack,crack,0.486,0.486,,445.5,377.8,563.3,544.3,36.6421919,-93.236358,4.1
2136,35.64,rdd,404,Longitudinal Crack,crack,0.619,0.619,,426.0,379.4,544.2,546.0,36.642135,-93.2364019,4.1
2148,35.84,rdd,404,Longitudinal Crack,crack,0.688,0.688,,416.5,385.8,532.6,547.8,36.6421067,-93.2364237,4.1
2160,36.04,rdd,404,Longitudinal Crack,crack,0.667,0.667,,407.5,388.8,522.3,546.2,36.6420777,-93.2364458,4.1
2220,37.04,world,,traffic cone,blockage,0.375,0.149,0.6,168.2,396.3,184.1,423.3,36.6418032,-93.236528,18.7
2832,47.25,rdd,556,Longitudinal Crack,crack,0.679,0.679,,462.4,422.3,602.7,547.8,36.6406813,-93.2382124,4.0
2844,47.45,rdd,556,Longitudinal Crack,crack,0.511,0.511,,471.5,411.1,620.9,545.1,36.6406587,-93.2382477,4.0
2880,48.05,rdd,556,Longitudinal Crack,crack,0.604,0.604,,484.9,375.7,666.5,541.0,36.6405912,-93.2383523,4.1
2892,48.25,rdd,556,Longitudinal Crack,crack,0.692,0.692,,480.0,378.8,654.7,540.2,36.6405679,-93.2383852,4.1
2904,48.45,rdd,556,Longitudinal Crack,crack,0.746,0.746,,465.6,380.0,638.5,542.4,36.6405446,-93.2384172,4.1
3060,51.05,rdd,581,Longitudinal Crack,crack,0.471,0.471,,309.2,479.0,416.1,552.1,36.6402835,-93.2388786,4.3
3120,52.05,rdd,584,Longitudinal Crack,crack,0.746,0.746,,328.1,408.8,538.8,547.0,36.6402179,-93.2390842,4.2
3132,52.25,rdd,584,Longitudinal Crack,crack,0.355,0.355,,333.5,415.8,536.7,549.2,36.64021,-93.2391275,4.1
3216,53.65,rdd,585,Longitudinal Crack,crack,0.431,0.431,,418.7,404.9,557.6,544.3,36.6402023,-93.2394307,4.1
4200,70.07,rdd,769,Longitudinal Crack,crack,0.373,0.373,,354.8,404.4,516.4,550.6,36.6402429,-93.2430207,4.1
4248,70.87,rdd,769,Longitudinal Crack,crack,0.379,0.379,,369.8,412.9,520.2,548.5,36.6402674,-93.2432303,4.1
4320,72.07,rdd,769,Longitudinal Crack,crack,0.363,0.363,,329.6,413.3,485.5,550.6,36.6402688,-93.2434889,4.2
5052,84.28,rdd,882,Longitudinal Crack,crack,0.745,0.745,,358.4,431.1,501.8,549.4,36.6406952,-93.2459325,4.2
5076,84.68,rdd,882,Longitudinal Crack,crack,0.738,0.738,,367.1,405.4,539.7,547.8,36.6407581,-93.2458763,4.1
5088,84.88,rdd,882,Longitudinal Crack,crack,0.414,0.414,,367.2,413.1,532.6,549.8,36.640789,-93.2458495,4.1
5100,85.08,rdd,882,Longitudinal Crack,crack,0.513,0.513,,368.6,437.0,504.8,549.3,36.6408198,-93.2458261,4.1
5112,85.29,rdd,882,Longitudinal Crack,crack,0.531,0.531,,363.6,413.2,530.8,551.6,36.640848,-93.2458057,4.1
5124,85.49,rdd,882,Longitudinal Crack,crack,0.545,0.545,,356.8,398.7,541.9,552.0,36.6408769,-93.2457858,4.0
5136,85.69,rdd,882,Longitudinal Crack,crack,0.575,0.575,,355.2,392.6,544.5,549.5,36.6409064,-93.2457659,4.1
5148,85.89,rdd,882,Longitudinal Crack,crack,0.577,0.577,,348.8,401.6,528.0,550.4,36.6409356,-93.245747,4.1
5160,86.09,rdd,882,Longitudinal Crack,crack,0.379,0.379,,347.8,408.3,520.1,549.9,36.6409667,-93.2457265,4.1
5172,86.29,rdd,901,Longitudinal Crack,crack,0.727,0.727,,337.5,468.2,446.7,550.4,36.6410017,-93.2457069,4.2
5184,86.49,rdd,882,Longitudinal Crack,crack,0.739,0.739,,341.3,411.1,509.7,548.1,36.6410351,-93.2456818,4.2
5412,90.29,rdd,882,Longitudinal Crack,crack,0.676,0.676,,369.0,393.2,551.5,546.3,36.6416485,-93.2453535,4.1
5424,90.49,rdd,882,Longitudinal Crack,crack,0.392,0.392,,368.7,395.7,548.1,549.6,36.6416798,-93.2453339,4.1
6048,100.9,rdd,1049,Longitudinal Crack,crack,0.584,0.584,,418.8,500.2,455.7,548.7,36.6431869,-93.2449643,4.2
6504,108.51,rdd,1110,Longitudinal Crack,crack,0.542,0.542,,334.6,485.2,429.4,553.7,36.6435178,-93.246087,4.2
