sr_no,office_code,office_type,city,state_ut,designation,officer_name,address,phone,email,note,source,data_as_of
1,PIU-Bongaigaon,PIU,Bongaigaon,Assam,Project Director (PIU),,"Dolaigaon (Near Police Reserve), Bongaigaon 783380",03664-237493,,,"NHAI 'State Wise RO, PIUs and CMU List' (nhai.gov.in/nhai/Doc/24march14/piu-ro-cmulist.pdf), dated March 2014",2014-03
2,PIU-Guwahati,PIU,Guwahati,Assam,Project Director (PIU),,"House No.1, 1st Floor, Dilip Hazuri Path, Near Bageshwari Mandir, Sorumotoria, Dispur 781006",,,,"NHAI 'State Wise RO, PIUs and CMU List' (nhai.gov.in/nhai/Doc/24march14/piu-ro-cmulist.pdf), dated March 2014",2014-03
3,PIU-Sibsagar,PIU,Sibsagar,Assam,Project Director (PIU),,"Kanak Nagar, A.T. Road, Namtiyal Bathar, 1st Floor Assam Engineering Works, Sibsagar 785640",03772-220111,,,"NHAI 'State Wise RO, PIUs and CMU List' (nhai.gov.in/nhai/Doc/24march14/piu-ro-cmulist.pdf), dated March 2014",2014-03
4,RO-Guwahati,RO,Guwahati,Assam,Chief General Manager (Regional Officer),,"NEDFI House, 4th Floor, G.S. Road, Dispur, Guwahati 781006",0361-2224004,,,"NHAI 'State Wise RO, PIUs and CMU List' (nhai.gov.in/nhai/Doc/24march14/piu-ro-cmulist.pdf), dated March 2014",2014-03
5,PIU-Nagaon (1),PIU,Nagaon,Assam,Project Director (PIU),,"Kanak Nagar, A.T. Road, Sivsagar 785640",,,Address in source appears to be Sibsagar; verify,"NHAI 'State Wise RO, PIUs and CMU List' (nhai.gov.in/nhai/Doc/24march14/piu-ro-cmulist.pdf), dated March 2014",2014-03
6,PIU-Nagaon (2),PIU,Nagaon,Assam,Project Director (PIU),,"PIU Lumding at Nagaon, Choi-Ali Polytechnic Road, Nagaon 782001",03672-232511,,,"NHAI 'State Wise RO, PIUs and CMU List' (nhai.gov.in/nhai/Doc/24march14/piu-ro-cmulist.pdf), dated March 2014",2014-03
7,PIU-Lumding,PIU,Nagaon,Assam,Project Director (PIU),,"Naobaisa Phukan Road, Amolapatty, Nagaon 782001",,,,"NHAI 'State Wise RO, PIUs and CMU List' (nhai.gov.in/nhai/Doc/24march14/piu-ro-cmulist.pdf), dated March 2014",2014-03
8,PIU-Silchar,PIU,Silchar,Assam,Project Director (PIU),,"H.No.328, 1st Floor, College Road, Ambicapatty, Silchar 788004",03842-267213 / 264596,,,"NHAI 'State Wise RO, PIUs and CMU List' (nhai.gov.in/nhai/Doc/24march14/piu-ro-cmulist.pdf), dated March 2014",2014-03
9,PIU-Anantpur,PIU,Anantapur,Andhra Pradesh,Project Director (PIU),,"House No.6-4-239, 3rd Cross, Maruthi Nagar, Anantapur 515004",08554-275599,,,"NHAI 'State Wise RO, PIUs and CMU List' (nhai.gov.in/nhai/Doc/24march14/piu-ro-cmulist.pdf), dated March 2014",2014-03
10,PIU-Guntur,PIU,Guntur,Andhra Pradesh,Project Director (PIU),,"Door No. 3-28-18/54, Brindavan Gardens, 5th Line, Guntur 522006",0863-2246677 / 2236677,,,"NHAI 'State Wise RO, PIUs and CMU List' (nhai.gov.in/nhai/Doc/24march14/piu-ro-cmulist.pdf), dated March 2014",2014-03
11,PIU-Hyderabad (NS),PIU,Hyderabad,Andhra Pradesh,Project Director (PIU) (NS),,"Dr. No. 331/2RT, 2nd Floor, P.S. Nagar, Masab Tank, Hyderabad 500057",040-23534141,,Now Telangana,"NHAI 'State Wise RO, PIUs and CMU List' (nhai.gov.in/nhai/Doc/24march14/piu-ro-cmulist.pdf), dated March 2014",2014-03
12,RO PIU-Hyderabad (BOT),RO-PIU,Hyderabad,Andhra Pradesh,RO - PIU (BOT),,"First Floor, H.No. 8-2-334/17, Plot 17&18, Road No.3, Banjara Hills, Hyderabad 500034",040-23348324,,Now Telangana,"NHAI 'State Wise RO, PIUs and CMU List' (nhai.gov.in/nhai/Doc/24march14/piu-ro-cmulist.pdf), dated March 2014",2014-03
13,Site Office-Anantpur (Kurnool),Site Office,Kurnool,Andhra Pradesh,Project Director (PIU),,"House No. 86/176B, Doctor's Colony (Near NCC Office), B-Camp, Kurnool 518002",,,,"NHAI 'State Wise RO, PIUs and CMU List' (nhai.gov.in/nhai/Doc/24march14/piu-ro-cmulist.pdf), dated March 2014",2014-03
14,PIU-Nellore,PIU,Nellore,Andhra Pradesh,Project Director (PIU),,"Bypass Road Junction with old GNT Road, Vedayapalem, Nellore 524004",0861-2307733 / 2306984,,,"NHAI 'State Wise RO, PIUs and CMU List' (nhai.gov.in/nhai/Doc/24march14/piu-ro-cmulist.pdf), dated March 2014",2014-03
15,PIU-Nirmal,PIU,Nirmal,Telangana,Project Director (PIU),,"#1-3-594, Road No.6, Shastrynagar, Nirmal 504106",08734-241365,,Source lists AP; Nirmal is in Telangana,"NHAI 'State Wise RO, PIUs and CMU List' (nhai.gov.in/nhai/Doc/24march14/piu-ro-cmulist.pdf), dated March 2014",2014-03
16,CMU-Ongole,CMU,Ongole,Andhra Pradesh,Project Director (CMU),,"Dr No.9-487, NHAI Building, Kandukur Road, Singarayakonda 523101",08598-236410,,,"NHAI 'State Wise RO, PIUs and CMU List' (nhai.gov.in/nhai/Doc/24march14/piu-ro-cmulist.pdf), dated March 2014",2014-03
17,PIU-Rajamundry,PIU,Rajahmundry,Andhra Pradesh,Project Director (PIU),,"D.No. 78-14-21, Shyamala Nagar, Rajahmundry 533103",0883-2431170,,,"NHAI 'State Wise RO, PIUs and CMU List' (nhai.gov.in/nhai/Doc/24march14/piu-ro-cmulist.pdf), dated March 2014",2014-03
18,PIU-Srikakulam,PIU,Srikakulam,Andhra Pradesh,Project Director (PIU),,"H.No. 3/58, Visakha 'A' Colony, Srikakulam 532001",08942-221559,,,"NHAI 'State Wise RO, PIUs and CMU List' (nhai.gov.in/nhai/Doc/24march14/piu-ro-cmulist.pdf), dated March 2014",2014-03
19,PIU-Vijayawada,PIU,Vijayawada,Andhra Pradesh,Project Director (PIU),,"Flat No. 21, Teachers Colony (Above SBH), Vijayawada 520008",0866-2484620,,,"NHAI 'State Wise RO, PIUs and CMU List' (nhai.gov.in/nhai/Doc/24march14/piu-ro-cmulist.pdf), dated March 2014",2014-03
20,PIU-Visakhapatnam (GQ),PIU,Visakhapatnam,Andhra Pradesh,Project Director (PIU) (GQ),,"NHAI Enclave, Km 2/8, Hanumanthavaka, Visakhapatnam 530040",0891-2707600 / 2714119 / 2714118,,,"NHAI 'State Wise RO, PIUs and CMU List' (nhai.gov.in/nhai/Doc/24march14/piu-ro-cmulist.pdf), dated March 2014",2014-03
21,PIU-Visakhapatnam (Port),PIU,Visakhapatnam,Andhra Pradesh,Project Director (PIU) (Port Connectivity),,"Sheelanagar, BHPV (P.O.), Visakhapatnam 530012",,,,"NHAI 'State Wise RO, PIUs and CMU List' (nhai.gov.in/nhai/Doc/24march14/piu-ro-cmulist.pdf), dated March 2014",2014-03
22,CMU-Vellore,CMU,Vellore,Tamil Nadu,Project Director (CMU),,"No.544/1, Phase-3, TNHB, Netaji Bose Main Road, Sathuvachari, Vellore 632009",0416-2257580,,Source lists AP; Vellore is in Tamil Nadu,"NHAI 'State Wise RO, PIUs and CMU List' (nhai.gov.in/nhai/Doc/24march14/piu-ro-cmulist.pdf), dated March 2014",2014-03
23,RO-Hyderabad,RO,Hyderabad,Andhra Pradesh,Chief General Manager (Regional Officer),,"D.No. 8-2-334/18, Road No.3, Banjara Hills, Hyderabad 500034",040-23534141 / 2698 / 2699,,Now Telangana,"NHAI 'State Wise RO, PIUs and CMU List' (nhai.gov.in/nhai/Doc/24march14/piu-ro-cmulist.pdf), dated March 2014",2014-03
24,PIU-Purnea,PIU,Purnea,Bihar,Project Director (PIU),,"House of Sri Sikandar Singh, Sahibaan Haata (Near Mahananda Colony), Purnea 854301",06454-244212,,,"NHAI 'State Wise RO, PIUs and CMU List' (nhai.gov.in/nhai/Doc/24march14/piu-ro-cmulist.pdf), dated March 2014",2014-03
25,CMU-Darbhanga,CMU,Darbhanga,Bihar,Project Director (CMU),,"House of Mr. S.N. Mishra, Diggi West, Professor's Colony Ward 10, Darbhanga 846004",06272-250194,,,"NHAI 'State Wise RO, PIUs and CMU List' (nhai.gov.in/nhai/Doc/24march14/piu-ro-cmulist.pdf), dated March 2014",2014-03
26,PIU-Muzaffarpur,PIU,Muzaffarpur,Bihar,Project Director (PIU),,"Pawapuri Vihar, 2nd Floor, Bhagwanpur (NH-28), Muzaffarpur 842001",0621-2251934,,,"NHAI 'State Wise RO, PIUs and CMU List' (nhai.gov.in/nhai/Doc/24march14/piu-ro-cmulist.pdf), dated March 2014",2014-03
27,PIU-Hazaribagh,PIU,Hazaribagh,Jharkhand,Project Director (PIU),,Hazaribagh,,,Source lists Bihar; Hazaribagh is in Jharkhand,"NHAI 'State Wise RO, PIUs and CMU List' (nhai.gov.in/nhai/Doc/24march14/piu-ro-cmulist.pdf), dated March 2014",2014-03
28,PIU-Hajipur,PIU,Hajipur,Bihar,Project Director (PIU),,"Sharma House, 2nd Floor, Ramashish Chowk, Hajipur 844101",06114-274255,,,"NHAI 'State Wise RO, PIUs and CMU List' (nhai.gov.in/nhai/Doc/24march14/piu-ro-cmulist.pdf), dated March 2014",2014-03
29,RO-Patna,RO,Patna,Bihar,Chief General Manager (Regional Officer),,"D-63 Sri Krishna Puri, Patna 800001",+91 9431018472,,,"NHAI 'State Wise RO, PIUs and CMU List' (nhai.gov.in/nhai/Doc/24march14/piu-ro-cmulist.pdf), dated March 2014",2014-03
30,PIU-Begusarai,PIU,Begusarai,Bihar,Project Director (PIU),Arvin Kumar Verma,"At-Harpur, P.O.-Tilarath, Begusarai 851122",,,,"NHAI 'State Wise RO, PIUs and CMU List' (nhai.gov.in/nhai/Doc/24march14/piu-ro-cmulist.pdf), dated March 2014",2014-03
31,PIU-Patna,PIU,Patna,Bihar,Project Director (PIU),,"D-63 Sri Krishna Puri, Patna 800001",+91 9431018472,,,"NHAI 'State Wise RO, PIUs and CMU List' (nhai.gov.in/nhai/Doc/24march14/piu-ro-cmulist.pdf), dated March 2014",2014-03
32,SLO-Raipur,SLO,Raipur,Chhattisgarh,State Level Officer,B.L. Meena,"House D-9, Anupam Nagar, TV Tower, Raipur 492001",0771-4062831 / 2282767,,,"NHAI 'State Wise RO, PIUs and CMU List' (nhai.gov.in/nhai/Doc/24march14/piu-ro-cmulist.pdf), dated March 2014",2014-03
33,PIU-Raipur,PIU,Raipur,Chhattisgarh,Project Director (PIU),,"House No. A7, VIP Estate, Shankar Nagar, Raipur 492001",0771-2442358,,,"NHAI 'State Wise RO, PIUs and CMU List' (nhai.gov.in/nhai/Doc/24march14/piu-ro-cmulist.pdf), dated March 2014",2014-03
34,PIU-Goa,PIU,Mormugao,Goa,Project Director (PIU),,"Near Dr. B.R. Ambedkar Vocational Centre, Headland Sada, Mormugao 403804",0832-2321517,,,"NHAI 'State Wise RO, PIUs and CMU List' (nhai.gov.in/nhai/Doc/24march14/piu-ro-cmulist.pdf), dated March 2014",2014-03
35,PIU-Ahmedabad,PIU,Ahmedabad,Gujarat,Project Director (PIU),,"3A & 3B, 2nd Floor, Amul Building, Near Dena Bank, Vejalpur Road, Jivraj Park, Ahmedabad 380051",079-26821062,,,"NHAI 'State Wise RO, PIUs and CMU List' (nhai.gov.in/nhai/Doc/24march14/piu-ro-cmulist.pdf), dated March 2014",2014-03
36,RO-Gujarat,RO,Gandhinagar,Gujarat,Chief General Manager (Regional Officer),,"502-B South Wing, 5th Floor, Megh Malhar Complex, Plot 16, Sector-11, Gandhinagar",079-23246198,,,"NHAI 'State Wise RO, PIUs and CMU List' (nhai.gov.in/nhai/Doc/24march14/piu-ro-cmulist.pdf), dated March 2014",2014-03
37,PIU-Chiloda,PIU,Gandhinagar,Gujarat,Project Director (PIU),,"Shakti Complex, Block D, 1st Floor, Opp. PTC College NH-8, Chiloda",0792-23273317,,,"NHAI 'State Wise RO, PIUs and CMU List' (nhai.gov.in/nhai/Doc/24march14/piu-ro-cmulist.pdf), dated March 2014",2014-03
38,PIU-Palanpur,PIU,Palanpur,Gujarat,Project Director (PIU),,"Gayatri Complex, Opp. Gayatri Temple, NH-14, Palanpur 385001",02742-258253 / 258255,,,"NHAI 'State Wise RO, PIUs and CMU List' (nhai.gov.in/nhai/Doc/24march14/piu-ro-cmulist.pdf), dated March 2014",2014-03
39,SLO-Palanpur,SLO,Palanpur,Gujarat,State Level Officer,Col. Khuswant Singh,"Gayatri Complex, Opp. Gayatri Temple, NH-14, Palanpur 385001",02742-258253 / 258255,,,"NHAI 'State Wise RO, PIUs and CMU List' (nhai.gov.in/nhai/Doc/24march14/piu-ro-cmulist.pdf), dated March 2014",2014-03
40,PIU-Rajkot,PIU,Rajkot,Gujarat,Project Director (PIU),,"301-303, Krishna-Con-Arch-I, Plot 9, Near Kotecha Chowk, University Road, Rajkot 360007",0281-2586903 / 2585193,,,"NHAI 'State Wise RO, PIUs and CMU List' (nhai.gov.in/nhai/Doc/24march14/piu-ro-cmulist.pdf), dated March 2014",2014-03
41,PIU-Godhra,PIU,Godhra,Gujarat,Project Director (PIU),,"13, Haidari Society, Opp. Gymkhana, Godhra 389001",,,,"NHAI 'State Wise RO, PIUs and CMU List' (nhai.gov.in/nhai/Doc/24march14/piu-ro-cmulist.pdf), dated March 2014",2014-03
42,PIU-Surat (Vadodara),PIU,Surat,Gujarat,Project Director (PIU),,"Shri Laxmi Bungalow No.4, Big Bazar, Nr. S.D. Jain School, Piplod-Vesu Road, Surat 395007",,,,"NHAI 'State Wise RO, PIUs and CMU List' (nhai.gov.in/nhai/Doc/24march14/piu-ro-cmulist.pdf), dated March 2014",2014-03
43,PIU-Gandhidham (Adipur),PIU,Adipur,Gujarat,Project Director (PIU),,"Z-6, Ground Floor, Near Divine Life Society Hospital, Adipur, Kachchh 370205",02836-260104,,,"NHAI 'State Wise RO, PIUs and CMU List' (nhai.gov.in/nhai/Doc/24march14/piu-ro-cmulist.pdf), dated March 2014",2014-03
44,PIU-Surat Expressway,PIU,Surat,Gujarat,Project Director (PIU),,"B-1, Agam Row House, Opp. Sakar Apartment, Behind ICICI Bank, City Light, Surat 395007",,,,"NHAI 'State Wise RO, PIUs and CMU List' (nhai.gov.in/nhai/Doc/24march14/piu-ro-cmulist.pdf), dated March 2014",2014-03
45,Site Office-Surat Expressway (Dahisar),Site Office,Thane,Maharashtra,Project Director (PIU) (Site Office),,"NHAI PWD Campus, Ghodbunder Junction NH-8, Opp. Fountain Hotel, Kashimira, Thane 401104",,,State not given in source; inferred from address,"NHAI 'State Wise RO, PIUs and CMU List' (nhai.gov.in/nhai/Doc/24march14/piu-ro-cmulist.pdf), dated March 2014",2014-03
46,PIU-Himmatnagar,PIU,Himmatnagar,Gujarat,Project Director (PIU),,"9, Pratham Society, Opp. Arts & Commerce College, Motipura, NH-8, Himmatnagar 380001",02772-229262 / 09825522957,,,"NHAI 'State Wise RO, PIUs and CMU List' (nhai.gov.in/nhai/Doc/24march14/piu-ro-cmulist.pdf), dated March 2014",2014-03
47,CMU-Ambala,CMU,Ambala,Haryana,Project Director (CMU),,"17L Model Town, Ambala City 134003",0171-2520361 / 2521361,,,"NHAI 'State Wise RO, PIUs and CMU List' (nhai.gov.in/nhai/Doc/24march14/piu-ro-cmulist.pdf), dated March 2014",2014-03
48,RO-Chandigarh,RO,Panchkula,Haryana,Chief General Manager (Regional Officer),,"1st Floor, Bays 35-38, Sector-4, Panchkula 134112",0172-2583030,,,"NHAI 'State Wise RO, PIUs and CMU List' (nhai.gov.in/nhai/Doc/24march14/piu-ro-cmulist.pdf), dated March 2014",2014-03
49,PIU-Chandigarh,PIU,Panchkula,Haryana,Project Director (PIU),,"SCO-44, 1st Floor, Sector-12, Panchkula 134112",0172-2587447,,,"NHAI 'State Wise RO, PIUs and CMU List' (nhai.gov.in/nhai/Doc/24march14/piu-ro-cmulist.pdf), dated March 2014",2014-03
50,CMU-Mathura,CMU,Faridabad,Haryana,Project Director (CMU),,"House No. 6P, Sector 16A, Faridabad 121007",,,,"NHAI 'State Wise RO, PIUs and CMU List' (nhai.gov.in/nhai/Doc/24march14/piu-ro-cmulist.pdf), dated March 2014",2014-03
51,PIU-Gurgaon,PIU,Gurugram,Haryana,Project Director (PIU),,"Plot 20, Sector-32 (Institutional Area), Gurugram 122001",95124-2381254 / 2380226,,,"NHAI 'State Wise RO, PIUs and CMU List' (nhai.gov.in/nhai/Doc/24march14/piu-ro-cmulist.pdf), dated March 2014",2014-03
52,PIU-Rohtak,PIU,Rohtak,Haryana,Project Director (PIU),,"305 Vidyaniketan Road, 1st Floor, Model Town, Rohtak 124001",,,,"NHAI 'State Wise RO, PIUs and CMU List' (nhai.gov.in/nhai/Doc/24march14/piu-ro-cmulist.pdf), dated March 2014",2014-03
53,PIU-Sonepat,PIU,Samalkha (Panipat),Haryana,Project Director (PIU),,"Ward No.4, Behind Jorasi Road, Adarsh Nagar, Panchwati Colony, PO Samalkha 131028",95130-23743310,,,"NHAI 'State Wise RO, PIUs and CMU List' (nhai.gov.in/nhai/Doc/24march14/piu-ro-cmulist.pdf), dated March 2014",2014-03
54,PIU-Sarita Vihar,PIU,Faridabad,Haryana,Project Director (PIU),,"NHAI House No. 6P, Sector 16A, Faridabad 121008",,mat@nhai.org,,"NHAI 'State Wise RO, PIUs and CMU List' (nhai.gov.in/nhai/Doc/24march14/piu-ro-cmulist.pdf), dated March 2014",2014-03
55,PIU-Rewari,PIU,Rewari,Haryana,Project Director (PIU),,"SCO No.2, 2nd Floor, Sector-1, Brass Market, Rewari 123401",,,,"NHAI 'State Wise RO, PIUs and CMU List' (nhai.gov.in/nhai/Doc/24march14/piu-ro-cmulist.pdf), dated March 2014",2014-03
56,PIU-Shimla,PIU,Shimla,Himachal Pradesh,Project Director (PIU),,"Kamna View Bhawan, Phase-III, New Shimla 171009",0177-2673819,,,"NHAI 'State Wise RO, PIUs and CMU List' (nhai.gov.in/nhai/Doc/24march14/piu-ro-cmulist.pdf), dated March 2014",2014-03
57,PIU-Solan,PIU,Solan,Himachal Pradesh,Project Director (PIU),,"Shakti Kutia, Near Hotel Ambusha, The Mall, Solan 173212",,,,"NHAI 'State Wise RO, PIUs and CMU List' (nhai.gov.in/nhai/Doc/24march14/piu-ro-cmulist.pdf), dated March 2014",2014-03
58,RO-Jammu,RO,Jammu,Jammu & Kashmir,Chief General Manager (Regional Officer),M.K. Jain (as of source date),"Amar Villa, H.No.315, Sector-1, 1st Floor, Channi Himmat, Jammu 180015",0191-2467491 / 2467492,,,"NHAI 'State Wise RO, PIUs and CMU List' (nhai.gov.in/nhai/Doc/24march14/piu-ro-cmulist.pdf), dated March 2014",2014-03
59,PIU-Jammu,PIU,Jammu,Jammu & Kashmir,Project Director (PIU),,"Amar Villa, H.No.315, Sector-1, 2nd Floor, Channi Himmat, Jammu 180015",0191-2467491 / 2467492,,,"NHAI 'State Wise RO, PIUs and CMU List' (nhai.gov.in/nhai/Doc/24march14/piu-ro-cmulist.pdf), dated March 2014",2014-03
60,PIU-Ramban (Udhampur),PIU,Udhampur,Jammu & Kashmir,Project Director (PIU),,"H.No.329, Ward No.11, New Jail Road, Shiv Nagar, Udhampur 182101",,,,"NHAI 'State Wise RO, PIUs and CMU List' (nhai.gov.in/nhai/Doc/24march14/piu-ro-cmulist.pdf), dated March 2014",2014-03
61,PIU-Srinagar,PIU,Srinagar,Jammu & Kashmir,Project Director (PIU),,"Baitul Hamd, Opp. SBI Rajbagh, Srinagar 190008",0194-2478026,,,"NHAI 'State Wise RO, PIUs and CMU List' (nhai.gov.in/nhai/Doc/24march14/piu-ro-cmulist.pdf), dated March 2014",2014-03
62,PIU-Dhanbad,PIU,Dhanbad,Jharkhand,Project Director (PIU),,"NHAI Complex, Kandra I.B. Post Bhitia, Govindpur, Dhanbad",06540-283090,,,"NHAI 'State Wise RO, PIUs and CMU List' (nhai.gov.in/nhai/Doc/24march14/piu-ro-cmulist.pdf), dated March 2014",2014-03
63,PIU-Ranchi,PIU,Ranchi,Jharkhand,Project Director (PIU),,"B-402, Road No.4-C, Ashok Nagar, Ranchi 834002",0651-2245293 / 2240269,,,"NHAI 'State Wise RO, PIUs and CMU List' (nhai.gov.in/nhai/Doc/24march14/piu-ro-cmulist.pdf), dated March 2014",2014-03
64,SLO-Ranchi,SLO,Ranchi,Jharkhand,State Level Officer,,"C-76, Harmoo Housing Colony, Near Sahjanand Chowk, Ranchi",0651-2245293,,,"NHAI 'State Wise RO, PIUs and CMU List' (nhai.gov.in/nhai/Doc/24march14/piu-ro-cmulist.pdf), dated March 2014",2014-03
65,PIU-Bangalore,PIU,Bengaluru,Karnataka,Project Director (PIU),,"Survey No.13, Nagasandra Village, 14th Km Bangalore-Tumkur Road, Hesaraghatta, Bengaluru 560073",080-28394383,,,"NHAI 'State Wise RO, PIUs and CMU List' (nhai.gov.in/nhai/Doc/24march14/piu-ro-cmulist.pdf), dated March 2014",2014-03
66,PIU-Mangalore,PIU,Mangaluru,Karnataka,Project Director (PIU),,"House No. 7-35/10(4), Near Pumpwell, Mahalingeshwara Temple Road, Kankanady, Mangaluru 575002",0824-4254499 / 2433499,man@nhai.org; nhaimang@gmail.com,,"NHAI 'State Wise RO, PIUs and CMU List' (nhai.gov.in/nhai/Doc/24march14/piu-ro-cmulist.pdf), dated March 2014",2014-03
67,RO-Bangalore,RO,Bengaluru,Karnataka,Chief General Manager (Regional Officer),,"Sy. No.13, Km 14, Bangalore-Tumkur Road NH-4, Nagasandra Village, Bengaluru 560073",,,,"NHAI 'State Wise RO, PIUs and CMU List' (nhai.gov.in/nhai/Doc/24march14/piu-ro-cmulist.pdf), dated March 2014",2014-03
68,PIU-Gulbarga,PIU,Kalaburagi,Karnataka,Project Director (PIU),,"Behind ITI College, Venkateshnagar, Gulbarga 585103",,,,"NHAI 'State Wise RO, PIUs and CMU List' (nhai.gov.in/nhai/Doc/24march14/piu-ro-cmulist.pdf), dated March 2014",2014-03
69,PIU-Dharwad,PIU,Dharwad,Karnataka,Project Director (PIU),,"2nd Cross, Sattur Colony, Vidyagiri, Dharwad 580004",0836-2461442 / 2461244,,,"NHAI 'State Wise RO, PIUs and CMU List' (nhai.gov.in/nhai/Doc/24march14/piu-ro-cmulist.pdf), dated March 2014",2014-03
70,PIU-Chitradurga,PIU,Chitradurga,Karnataka,Project Director (PIU),,"Near J.M.I.T. Campus, NH-4 (Km 201), Chitradurga 577502",08194-223344 / 221929,,,"NHAI 'State Wise RO, PIUs and CMU List' (nhai.gov.in/nhai/Doc/24march14/piu-ro-cmulist.pdf), dated March 2014",2014-03
71,PIU-Kochi,PIU,Kalamassery,Kerala,Project Director (PIU),C.T. Abraham (as of source date),"Tharakans, 1st Floor, Near ICICI Bank, NH-544, Kalamassery, Ernakulam 683104",0484-2559416 / 2559417,,,"NHAI 'State Wise RO, PIUs and CMU List' (nhai.gov.in/nhai/Doc/24march14/piu-ro-cmulist.pdf), dated March 2014",2014-03
72,PIU-Palakkad,PIU,Palakkad,Kerala,Project Director (PIU),,"No. 8/1187, Arumughan Colony, Chandranagar, Palakkad 678007",0491-2573790,,,"NHAI 'State Wise RO, PIUs and CMU List' (nhai.gov.in/nhai/Doc/24march14/piu-ro-cmulist.pdf), dated March 2014",2014-03
73,PIU-Thiruvananthapuram,PIU,Thiruvananthapuram,Kerala,Project Director (PIU),,"TC 42/356 (PN-4), Perambil House, Perambil Nagar, Muttathara, Vallakadavu 695008",0471-2460924,,,"NHAI 'State Wise RO, PIUs and CMU List' (nhai.gov.in/nhai/Doc/24march14/piu-ro-cmulist.pdf), dated March 2014",2014-03
74,SLO-Thiruvananthapuram,SLO,Thiruvananthapuram,Kerala,General Manager & State Level Officer,Shyam Kumar (as of source date),"TC 42/356 (PN-4), Perambil House, Perambil Nagar, Muttathara, Vallakadavu 695008",0471-2460924,,,"NHAI 'State Wise RO, PIUs and CMU List' (nhai.gov.in/nhai/Doc/24march14/piu-ro-cmulist.pdf), dated March 2014",2014-03
75,PIU-Kozhikode,PIU,Kozhikode,Kerala,Project Director (PIU),,"H No. 2/2175-B, Krishna Kripa, Aishwarya Road, Civil Station P.O., Kozhikode 673020",0495-2376818,,,"NHAI 'State Wise RO, PIUs and CMU List' (nhai.gov.in/nhai/Doc/24march14/piu-ro-cmulist.pdf), dated March 2014",2014-03
76,PIU-Bhopal,PIU,Bhopal,Madhya Pradesh,Project Director (PIU),,"Plot A-43, Sakshi Bungalow, Trilanga, Shahpura, Bhopal 462039",0755-2902448 / 4253086,,,"NHAI 'State Wise RO, PIUs and CMU List' (nhai.gov.in/nhai/Doc/24march14/piu-ro-cmulist.pdf), dated March 2014",2014-03
77,RO-Bhopal,RO,Bhopal,Madhya Pradesh,Chief General Manager (Regional Officer),,"E-2/167, Arera Colony, Near Habibganj Railway Station, Bhopal 462016",0755-2426698,,,"NHAI 'State Wise RO, PIUs and CMU List' (nhai.gov.in/nhai/Doc/24march14/piu-ro-cmulist.pdf), dated March 2014",2014-03
78,PIU-Gwalior,PIU,Gwalior,Madhya Pradesh,Project Director (PIU),,"House No.13, Vivekanand Colony, Saraswati Nagar, University Road, Gwalior 474011",0751-2231485,,,"NHAI 'State Wise RO, PIUs and CMU List' (nhai.gov.in/nhai/Doc/24march14/piu-ro-cmulist.pdf), dated March 2014",2014-03
79,PIU-Indore,PIU,Indore,Madhya Pradesh,Project Director (PIU),,"15, Sampat Hills, Opp. Sahara City, Indore-Dewas Bypass, Bicholi Mardana, Indore 452016",0731-2590037,,,"NHAI 'State Wise RO, PIUs and CMU List' (nhai.gov.in/nhai/Doc/24march14/piu-ro-cmulist.pdf), dated March 2014",2014-03
80,PIU-Pandhurna,PIU,Pandhurna,Madhya Pradesh,Project Director (PIU),,"Plot No.344, Shankar Nagar, Pandhurna 480334",07164-220909,,,"NHAI 'State Wise RO, PIUs and CMU List' (nhai.gov.in/nhai/Doc/24march14/piu-ro-cmulist.pdf), dated March 2014",2014-03
81,PIU-Katni,PIU,Katni,Madhya Pradesh,Project Director (PIU) (Katni),,"H/O Mansingh Thakur, Sai Aata Chakki, Near Somnath Mandir, Dubey Colony, Katni",,,,"NHAI 'State Wise RO, PIUs and CMU List' (nhai.gov.in/nhai/Doc/24march14/piu-ro-cmulist.pdf), dated March 2014",2014-03
82,PIU-Narsinghpur,PIU,Narsinghpur,Madhya Pradesh,Project Director (PIU),,"Doctor's Colony, Civil Lines, Narsinghpur 487001",07792-230330,,,"NHAI 'State Wise RO, PIUs and CMU List' (nhai.gov.in/nhai/Doc/24march14/piu-ro-cmulist.pdf), dated March 2014",2014-03
83,PIU-Sagar,PIU,Sagar,Madhya Pradesh,Project Director (PIU),,"67, Shivaji Ward, Poddar Colony, Sagar 470002",07582-236412,,,"NHAI 'State Wise RO, PIUs and CMU List' (nhai.gov.in/nhai/Doc/24march14/piu-ro-cmulist.pdf), dated March 2014",2014-03
84,PIU-Seoni,PIU,Seoni,Madhya Pradesh,Project Director (PIU),,"House No. 571, Shastri Ward, Babriya Road, Barapatthar, Seoni 480661",,,,"NHAI 'State Wise RO, PIUs and CMU List' (nhai.gov.in/nhai/Doc/24march14/piu-ro-cmulist.pdf), dated March 2014",2014-03
85,PD-Shivpuri,PIU,Shivpuri,Madhya Pradesh,Project Director (PIU),,"Narendra Nagar, Chhatri Road (Near Wool House), Shivpuri 473551",,,,"NHAI 'State Wise RO, PIUs and CMU List' (nhai.gov.in/nhai/Doc/24march14/piu-ro-cmulist.pdf), dated March 2014",2014-03
86,PIU-Chhindwara,PIU,Chhindwara,Madhya Pradesh,Project Director (PIU),,"H.No.84, Beside Polythene Factory, Swarna Jayanti Nagar, Khajri Road, Chhindwara 480001",07162-238120,,,"NHAI 'State Wise RO, PIUs and CMU List' (nhai.gov.in/nhai/Doc/24march14/piu-ro-cmulist.pdf), dated March 2014",2014-03
87,PIU-Jabalpur,PIU,Jabalpur,Madhya Pradesh,Project Director (PIU),,"184 Sheetalpuri Colony, Baldevbagh Chowk, Jabalpur",0761-4047042 / 2688997,,,"NHAI 'State Wise RO, PIUs and CMU List' (nhai.gov.in/nhai/Doc/24march14/piu-ro-cmulist.pdf), dated March 2014",2014-03
88,PIU-Guna,PIU,Guna,Madhya Pradesh,Project Director (PIU),,"No.185, Gandhi Nagar, Kushmoda Road, Guna",,,,"NHAI 'State Wise RO, PIUs and CMU List' (nhai.gov.in/nhai/Doc/24march14/piu-ro-cmulist.pdf), dated March 2014",2014-03
89,RO-Maharashtra,RO,Mumbai,Maharashtra,Chief General Manager (Regional Officer),,"602, 6th Floor, Kohinoor City Mall, Kirol Road, Off LBS Marg, Kurla (West), Mumbai 400070",022-25032630 / 25037646 / 25031946,,,"NHAI 'State Wise RO, PIUs and CMU List' (nhai.gov.in/nhai/Doc/24march14/piu-ro-cmulist.pdf), dated March 2014",2014-03
90,PIU-Amravati,PIU,Amravati,Maharashtra,Project Director (PIU),,"Matruchhaya, Plot 33, Raghuvir Co-op Housing Society, Badnera Road, Sai Nagar, Amravati 444607",0721-2510035,,,"NHAI 'State Wise RO, PIUs and CMU List' (nhai.gov.in/nhai/Doc/24march14/piu-ro-cmulist.pdf), dated March 2014",2014-03
91,CMU-Manor,CMU,Thane,Maharashtra,Project Director (CMU),,"PWD Campus, Ghodbunder Junction on NH-8, Opp. Hotel Fountain, Kashimira Road, Thane",,,,"NHAI 'State Wise RO, PIUs and CMU List' (nhai.gov.in/nhai/Doc/24march14/piu-ro-cmulist.pdf), dated March 2014",2014-03
92,PIU-Sholapur,PIU,Solapur,Maharashtra,Project Director (PIU),,"Plot No.80, Old Santosh Nagar, In front of Devika Gas Agency, Jule Solapur 413003",0217-2303379,,Source designation text says CMU Manor; verify,"NHAI 'State Wise RO, PIUs and CMU List' (nhai.gov.in/nhai/Doc/24march14/piu-ro-cmulist.pdf), dated March 2014",2014-03
93,PIU-Nagpur,PIU,Nagpur,Maharashtra,Project Director (PIU),,"Bungalow No.2, Shubhankar Apartments, Plot 159, Ambazari Hill Top Area, Ram Nagar, Nagpur 440010",,,,"NHAI 'State Wise RO, PIUs and CMU List' (nhai.gov.in/nhai/Doc/24march14/piu-ro-cmulist.pdf), dated March 2014",2014-03
94,PIU-Aurangabad,PIU,Aurangabad,Maharashtra,Project Director (PIU),,"B-23, Near Kamgar Chowk, N-4, CIDCO, New Aurangabad 431003",9423709171,,,"NHAI 'State Wise RO, PIUs and CMU List' (nhai.gov.in/nhai/Doc/24march14/piu-ro-cmulist.pdf), dated March 2014",2014-03
95,RO-Nagpur,RO,Nagpur,Maharashtra,Chief General Manager (Regional Officer),,"Wardha House, Plot 274/1, Ward 7, Lendra Park, Central Bazar Road, Ramdaspeth, Nagpur 440010",0712-2420322 / 2420355,ronagpur@nhai.org,,"NHAI 'State Wise RO, PIUs and CMU List' (nhai.gov.in/nhai/Doc/24march14/piu-ro-cmulist.pdf), dated March 2014",2014-03
96,PIU-Nashik,PIU,Nashik,Maharashtra,Project Director (PIU),,"Saptashringi, Plot ASB-43, Ashwin Nagar, CIDCO, Nashik 422009",,,,"NHAI 'State Wise RO, PIUs and CMU List' (nhai.gov.in/nhai/Doc/24march14/piu-ro-cmulist.pdf), dated March 2014",2014-03
97,PIU-Pune,PIU,Pune,Maharashtra,Project Director (PIU) (MC),,"S.No.134/1, BAIF Bhavan Campus, Dr. Manibhai Desai Nagar, NH-4, Warje, Pune 411052",020-25231745 / 25231749,,,"NHAI 'State Wise RO, PIUs and CMU List' (nhai.gov.in/nhai/Doc/24march14/piu-ro-cmulist.pdf), dated March 2014",2014-03
98,PIU-Panvel,PIU,Panvel,Maharashtra,Project Director (PIU),,"Survey No.63, D-Point on NH-4B, Chinchpada, Kalamboli-Panvel Bypass Road, Panvel 410206",022-27879404 / 09821559649,,,"NHAI 'State Wise RO, PIUs and CMU List' (nhai.gov.in/nhai/Doc/24march14/piu-ro-cmulist.pdf), dated March 2014",2014-03
99,PIU-Dhule,PIU,Dhule,Maharashtra,Project Director (PIU),,"Survey No.10/2, Plot 11, Mansaram Nagar, Near Circuit House, Sakri Road, Dhule 424002",02562-276276 / 276279,,,"NHAI 'State Wise RO, PIUs and CMU List' (nhai.gov.in/nhai/Doc/24march14/piu-ro-cmulist.pdf), dated March 2014",2014-03
100,PIU-Shillong,PIU,Shillong,Meghalaya,Project Director (PIU),,"NHAI SE, PWD Eastern Circle Building Top Floor, Lower Lachumiere, Shillong 793003",,,,"NHAI 'State Wise RO, PIUs and CMU List' (nhai.gov.in/nhai/Doc/24march14/piu-ro-cmulist.pdf), dated March 2014",2014-03
101,PIU-Berhampur,PIU,Berhampur,Odisha,Project Director (PIU),,"Surya Nivas, Sales Tax Square, Engineering School Road, Berhampur 760010",0680-2291796,,,"NHAI 'State Wise RO, PIUs and CMU List' (nhai.gov.in/nhai/Doc/24march14/piu-ro-cmulist.pdf), dated March 2014",2014-03
102,PIU-Sambalpur,PIU,Sambalpur,Odisha,Project Director (PIU),,"At Bhatara, Post Dhanupali, Opp. Poddar Petrol Pump, Sambalpur 768005",0663-2546066,,,"NHAI 'State Wise RO, PIUs and CMU List' (nhai.gov.in/nhai/Doc/24march14/piu-ro-cmulist.pdf), dated March 2014",2014-03
103,RO-Odisha,RO,Bhubaneswar,Odisha,Chief General Manager (Regional Officer),,"301-A, 3rd Floor, Pal Heights, Plot J/7, Jayadev Vihar, Bhubaneswar 751013",0674-2361670,,,"NHAI 'State Wise RO, PIUs and CMU List' (nhai.gov.in/nhai/Doc/24march14/piu-ro-cmulist.pdf), dated March 2014",2014-03
104,PIU-Bhubaneswar,PIU,Bhubaneswar,Odisha,Project Director (PIU),,"1st Floor, Setu Bhawan, Nayapalli Unit-VIII, Bhubaneswar 751012",0674-2392720,,,"NHAI 'State Wise RO, PIUs and CMU List' (nhai.gov.in/nhai/Doc/24march14/piu-ro-cmulist.pdf), dated March 2014",2014-03
105,PIU-Paradip,PIU,Jajpur,Odisha,Project Director (PIU) (Paradip),,"NHAI Complex, Chandikhole, At/Po Neulapur, Jajpur 755024",06725-221908,,,"NHAI 'State Wise RO, PIUs and CMU List' (nhai.gov.in/nhai/Doc/24march14/piu-ro-cmulist.pdf), dated March 2014",2014-03
106,PIU-Keonjhar,PIU,Keonjhar,Odisha,Project Director (PIU),,"Plot 19/419, Badedera, Mandua, Keonjhar 758001",06766-250011,,,"NHAI 'State Wise RO, PIUs and CMU List' (nhai.gov.in/nhai/Doc/24march14/piu-ro-cmulist.pdf), dated March 2014",2014-03
107,PIU-Amritsar,PIU,Amritsar,Punjab,Project Director (PIU),,"289, 1st Green Land, Opp. Fortis Escorts Hospital, G.T. Karnal Road, Amritsar 143001",0183-2265153,,,"NHAI 'State Wise RO, PIUs and CMU List' (nhai.gov.in/nhai/Doc/24march14/piu-ro-cmulist.pdf), dated March 2014",2014-03
108,PIU-Jalandhar,PIU,Jalandhar,Punjab,Project Director (PIU),,"135, Guru Amardas Nagar, Near Verka Milk Plant, Jalandhar Bypass",0181-2602185 / 2603642,,,"NHAI 'State Wise RO, PIUs and CMU List' (nhai.gov.in/nhai/Doc/24march14/piu-ro-cmulist.pdf), dated March 2014",2014-03
109,PD-Jaipur (Vigilance),Vigilance,Jaipur,Rajasthan,Manager (Vigilance),Girish Jain (as of source date),"156 Girnar Colony, Gandhi Path, Vaishali Nagar, Jaipur 302021",0141-2351417,Jai@nhai.org,Vigilance Division,"NHAI 'State Wise RO, PIUs and CMU List' (nhai.gov.in/nhai/Doc/24march14/piu-ro-cmulist.pdf), dated March 2014",2014-03
110,RO-Jaipur,RO,Jaipur,Rajasthan,Chief General Manager (Regional Officer),,"F-120, Janpath, Shyam Nagar, Jaipur 302019",0141-2292054 / 2292049,,,"NHAI 'State Wise RO, PIUs and CMU List' (nhai.gov.in/nhai/Doc/24march14/piu-ro-cmulist.pdf), dated March 2014",2014-03
111,PIU-Jhalawar,PIU,Jhalawar,Rajasthan,Project Director (PIU),,"Near Tata Motors, Vrindavan on NH-12, Jhalawar",07432-233736,,,"NHAI 'State Wise RO, PIUs and CMU List' (nhai.gov.in/nhai/Doc/24march14/piu-ro-cmulist.pdf), dated March 2014",2014-03
112,PIU-Bhilwara (CMU),PIU,Bhilwara,Rajasthan,Project Director (CMU),,"6-A-1, R.C. Vyas Colony, Bhilwara 311001",01482-230611,,,"NHAI 'State Wise RO, PIUs and CMU List' (nhai.gov.in/nhai/Doc/24march14/piu-ro-cmulist.pdf), dated March 2014",2014-03
113,PIU-Chittorgarh (EW),PIU,Chittorgarh,Rajasthan,Project Director (PIU) (EW),,"59-B, Bapu Nagar, Road No.5, Senthi, Chittorgarh 312001",01472-246474,,,"NHAI 'State Wise RO, PIUs and CMU List' (nhai.gov.in/nhai/Doc/24march14/piu-ro-cmulist.pdf), dated March 2014",2014-03
114,PIU-Chittorgarh (GQ),PIU,Chittorgarh,Rajasthan,Project Director (PIU) (GQ),,"Village Rithola Junction at Km 213 of NH-76, Chittorgarh 312001",01472-249008 / 243166,,,"NHAI 'State Wise RO, PIUs and CMU List' (nhai.gov.in/nhai/Doc/24march14/piu-ro-cmulist.pdf), dated March 2014",2014-03
115,PIU-Dausa,PIU,Dausa,Rajasthan,Project Director (PIU),,"C/o Ramesh Khandelwal, Plot A-2, Indira Colony, Opp. Roadways Bus Depot, Dausa 303303",01427-224918,dausa@nhai.org,,"NHAI 'State Wise RO, PIUs and CMU List' (nhai.gov.in/nhai/Doc/24march14/piu-ro-cmulist.pdf), dated March 2014",2014-03
116,PIU-Jaipur,PIU,Jaipur,Rajasthan,Project Director (PIU),,"D-35/1, Sanjeevani Marg, Hanuman Nagar, Vaishali Nagar, Jaipur 302021",0141-2351417 / 2351333,,,"NHAI 'State Wise RO, PIUs and CMU List' (nhai.gov.in/nhai/Doc/24march14/piu-ro-cmulist.pdf), dated March 2014",2014-03
117,PIU-Kota,PIU,Kota,Rajasthan,Project Director (PIU),,"1-C-10, SFS Colony, Talwandi, Kota 324005",0744-2433396,,,"NHAI 'State Wise RO, PIUs and CMU List' (nhai.gov.in/nhai/Doc/24march14/piu-ro-cmulist.pdf), dated March 2014",2014-03
118,PIU-Reengus,PIU,Reengus,Rajasthan,Project Director (PIU),,"C/o Sangeeta Travels, Ward 20, Near Toll Booth, NH-11, Reengus 332404",,,,"NHAI 'State Wise RO, PIUs and CMU List' (nhai.gov.in/nhai/Doc/24march14/piu-ro-cmulist.pdf), dated March 2014",2014-03
119,PIU-Udaipur,PIU,Udaipur,Rajasthan,Project Director (PIU),,"14, Durga Nursery Road, Udaipur 313001",0294-2428094,,,"NHAI 'State Wise RO, PIUs and CMU List' (nhai.gov.in/nhai/Doc/24march14/piu-ro-cmulist.pdf), dated March 2014",2014-03
120,PIU-Udaipur (EW),PIU,Udaipur,Rajasthan,Project Director (PIU) (EW),,"48, Adinath Nagar, Fatehpura, Udaipur 313001",,,,"NHAI 'State Wise RO, PIUs and CMU List' (nhai.gov.in/nhai/Doc/24march14/piu-ro-cmulist.pdf), dated March 2014",2014-03
121,PIU-Jodhpur,PIU,Jodhpur,Rajasthan,Project Director (PIU),,"S-92, Ashiana Amarbagh, Village Kudi, NH-65, Pali Road, Jodhpur 342013",09414319420 / 8290523230,jodhpur@nhai.org,,"NHAI 'State Wise RO, PIUs and CMU List' (nhai.gov.in/nhai/Doc/24march14/piu-ro-cmulist.pdf), dated March 2014",2014-03
122,PIU-Tonk,PIU,Tonk,Rajasthan,Project Director (PIU),,"3, Preeti Bhagwat Niwas, Malviya Nagar, Sawai Madhopur Road, Tonk 304001",01432-253416,,,"NHAI 'State Wise RO, PIUs and CMU List' (nhai.gov.in/nhai/Doc/24march14/piu-ro-cmulist.pdf), dated March 2014",2014-03
123,PIU-Beawar,PIU,Beawar,Rajasthan,Project Director (PIU),,"A-11, Chandra Kiran, RICCO Housing Colony, Beawar",01462-227012,,,"NHAI 'State Wise RO, PIUs and CMU List' (nhai.gov.in/nhai/Doc/24march14/piu-ro-cmulist.pdf), dated March 2014",2014-03
124,PIU-Ajmer,PIU,Ajmer,Rajasthan,Project Director (PIU),,"Plot 111, Grah Nirman Sahakari Samiti, Adarsh Nagar, Ajmer 305001",0145-2680571 / 2680572,,,"NHAI 'State Wise RO, PIUs and CMU List' (nhai.gov.in/nhai/Doc/24march14/piu-ro-cmulist.pdf), dated March 2014",2014-03
125,PIU-Pali,PIU,Pali,Rajasthan,Project Director (PIU),,"24, Gajanand Grah Nirman Samiti, Sumerpur Road, Pali",09413311711,,,"NHAI 'State Wise RO, PIUs and CMU List' (nhai.gov.in/nhai/Doc/24march14/piu-ro-cmulist.pdf), dated March 2014",2014-03
126,PD-Pali,PIU,Pali,Rajasthan,Project Director (PIU),,"PIU Pali, Ashok Nagar",02932-263556 / 94147115930,,,"NHAI 'State Wise RO, PIUs and CMU List' (nhai.gov.in/nhai/Doc/24march14/piu-ro-cmulist.pdf), dated March 2014",2014-03
127,PIU-Bharatpur,PIU,Bharatpur,Rajasthan,Project Director (PIU),,"Plot 141, Swarn Jayanti Nagar, Bharatpur 321001",05644-220240,,,"NHAI 'State Wise RO, PIUs and CMU List' (nhai.gov.in/nhai/Doc/24march14/piu-ro-cmulist.pdf), dated March 2014",2014-03
128,Site Office-Barmer,Site Office,Barmer,Rajasthan,Project Director (PIU) (Site Office),,"GC-17, Mahaveer Nagar Phase 2, Behind Adarsh Stadium, Barmer 344001",08290523230,Barmer@nhai.org,,"NHAI 'State Wise RO, PIUs and CMU List' (nhai.gov.in/nhai/Doc/24march14/piu-ro-cmulist.pdf), dated March 2014",2014-03
129,RO-Chennai,RO,Chennai,Tamil Nadu,Chief General Manager (Regional Officer),,"1/54-28, Butt Road, St. Thomas Mount, Near Kathipara Junction, Chennai 600016",044-22201795 / 22354135,,,"NHAI 'State Wise RO, PIUs and CMU List' (nhai.gov.in/nhai/Doc/24march14/piu-ro-cmulist.pdf), dated March 2014",2014-03
130,PD-Chennai,PIU,Chennai,Tamil Nadu,Project Director (PIU),,"1/54-28, Butt Road, St. Thomas Mount, Near Kathipara Junction, Chennai 600016",044-22201795 / 22354135,,,"NHAI 'State Wise RO, PIUs and CMU List' (nhai.gov.in/nhai/Doc/24march14/piu-ro-cmulist.pdf), dated March 2014",2014-03
131,PIU-Chennai (PC),PIU,Chennai,Tamil Nadu,Project Director (PIU) (PC),R. Srinivasan (as of source date),"8th Floor, Annexe Building, SPIC House, 88 Mount Road, Guindy, Chennai 600032",044-22354133,,,"NHAI 'State Wise RO, PIUs and CMU List' (nhai.gov.in/nhai/Doc/24march14/piu-ro-cmulist.pdf), dated March 2014",2014-03
132,PIU-Coimbatore,PIU,Coimbatore,Tamil Nadu,Project Director (PIU),,"Door No.9/9A, 4th Cross Street, Kothari Layout, Trichy Road, Singanallur, Coimbatore 641005",0422-2324734,,,"NHAI 'State Wise RO, PIUs and CMU List' (nhai.gov.in/nhai/Doc/24march14/piu-ro-cmulist.pdf), dated March 2014",2014-03
133,Site Office-Dindigul,Site Office,Dindigul,Tamil Nadu,Project Director (PIU) (Site Office),,"Door 567-1, Dr. APJ Abdul Kalam Road, Thirumalaikeni Nagar, Near Collectorate, Dindigul 624004",,,,"NHAI 'State Wise RO, PIUs and CMU List' (nhai.gov.in/nhai/Doc/24march14/piu-ro-cmulist.pdf), dated March 2014",2014-03
134,CMU-Krishnagiri,CMU,Krishnagiri,Tamil Nadu,Project Director (CMU),,"7E, 5th Floor, Jakkappan Nagar, Krishnagiri 635001",04343-234250 / 236208,,,"NHAI 'State Wise RO, PIUs and CMU List' (nhai.gov.in/nhai/Doc/24march14/piu-ro-cmulist.pdf), dated March 2014",2014-03
135,PIU-Krishnagiri,PIU,Krishnagiri,Tamil Nadu,Project Director (PIU),,"Door No.259/1, Salem Main Road, Near KAKC Petrol Bunk, Krishnagiri 635001",04343-234250 / 236208,,,"NHAI 'State Wise RO, PIUs and CMU List' (nhai.gov.in/nhai/Doc/24march14/piu-ro-cmulist.pdf), dated March 2014",2014-03
136,PIU-Karur,PIU,Karur,Tamil Nadu,Project Director (PIU),,"No.7, Kamadhenu Nagar, Karur 639001",04324-223670 / 09443349796,,,"NHAI 'State Wise RO, PIUs and CMU List' (nhai.gov.in/nhai/Doc/24march14/piu-ro-cmulist.pdf), dated March 2014",2014-03
137,PIU-Madurai,PIU,Madurai,Tamil Nadu,Project Director (PIU),,"H.No.83/1, SBI First Colony Extension, Bypass Road, Madurai 625016",0452-2387750,,,"NHAI 'State Wise RO, PIUs and CMU List' (nhai.gov.in/nhai/Doc/24march14/piu-ro-cmulist.pdf), dated March 2014",2014-03
138,PIU-Salem,PIU,Salem,Tamil Nadu,Project Director (PIU),,"2nd Floor, VSA Commercial Complex, 9-11 Omalur Main Road, Near New Bus Stand, Salem 636004",0427-2449505 / 2447480,,,"NHAI 'State Wise RO, PIUs and CMU List' (nhai.gov.in/nhai/Doc/24march14/piu-ro-cmulist.pdf), dated March 2014",2014-03
139,PIU-Trichy,PIU,Tiruchirappalli,Tamil Nadu,Project Director (PIU),,"44, 1st Floor, 3rd Main Road, Pon Nagar, Tiruchirappalli 620001",,,,"NHAI 'State Wise RO, PIUs and CMU List' (nhai.gov.in/nhai/Doc/24march14/piu-ro-cmulist.pdf), dated March 2014",2014-03
140,PIU-Tirunelveli (Tuticorin PC),PIU,Tirunelveli,Tamil Nadu,Project Director (PIU) (Tuticorin PC),,"Plot 112, Rahmath Nagar, Tuticorin Road, Palayamkottai, Tirunelveli 627011",0462-2542899 / 2540499,,,"NHAI 'State Wise RO, PIUs and CMU List' (nhai.gov.in/nhai/Doc/24march14/piu-ro-cmulist.pdf), dated March 2014",2014-03
141,PIU-Tirunelveli,PIU,Tirunelveli,Tamil Nadu,Project Director (PIU),,"Plot 112, Rahmath Nagar, Tuticorin Road, Palayamkottai, Tirunelveli 627011",0462-2542899 / 2540499,,,"NHAI 'State Wise RO, PIUs and CMU List' (nhai.gov.in/nhai/Doc/24march14/piu-ro-cmulist.pdf), dated March 2014",2014-03
142,PIU-Thanjavur,PIU,Thanjavur,Tamil Nadu,Project Director (PIU),,"No.54, Natarajapuram Colony North, State Bank Colony Road, Medical College Road, Thanjavur 613004",,,,"NHAI 'State Wise RO, PIUs and CMU List' (nhai.gov.in/nhai/Doc/24march14/piu-ro-cmulist.pdf), dated March 2014",2014-03
143,PIU-Karaikudi,PIU,Karaikudi,Tamil Nadu,Project Director (PIU),,"No.1, 2nd Floor, Subramaniapuram 3rd Street, Karaikudi 630002",04565-230707,,,"NHAI 'State Wise RO, PIUs and CMU List' (nhai.gov.in/nhai/Doc/24march14/piu-ro-cmulist.pdf), dated March 2014",2014-03
144,PIU-Kanyakumari,PIU,Valliyoor,Tamil Nadu,Project Director (PIU),,"Door 13, Travellers Bungalow Road, Kamaraj Nagar, 1st Street, Valliyoor 627117",04637-222985,,,"NHAI 'State Wise RO, PIUs and CMU List' (nhai.gov.in/nhai/Doc/24march14/piu-ro-cmulist.pdf), dated March 2014",2014-03
145,PIU-Villupuram,PIU,Villupuram,Tamil Nadu,Project Director (PIU),,"10, Govindasamy Nagar, Behind Collectorate, Villupuram 605602",,,,"NHAI 'State Wise RO, PIUs and CMU List' (nhai.gov.in/nhai/Doc/24march14/piu-ro-cmulist.pdf), dated March 2014",2014-03
146,PIU-Agra,PIU,Agra,Uttar Pradesh,Project Director (PIU),,"A-208, Kamla Nagar, Agra 282005",0562-2580274,,,"NHAI 'State Wise RO, PIUs and CMU List' (nhai.gov.in/nhai/Doc/24march14/piu-ro-cmulist.pdf), dated March 2014",2014-03
147,PIU-Allahabad,PIU,Prayagraj,Uttar Pradesh,Project Director (PIU),,"18-C/28-A, Sarojini Naidu Marg, Civil Lines, Allahabad 211001",0532-2422035,,,"NHAI 'State Wise RO, PIUs and CMU List' (nhai.gov.in/nhai/Doc/24march14/piu-ro-cmulist.pdf), dated March 2014",2014-03
148,PIU-Basti,PIU,Basti,Uttar Pradesh,Project Director (PIU),,"Malviya Marg, Bairahwa, Hansraj Colony, Gandhi Nagar, Basti 272001",05542-285565,,,"NHAI 'State Wise RO, PIUs and CMU List' (nhai.gov.in/nhai/Doc/24march14/piu-ro-cmulist.pdf), dated March 2014",2014-03
149,PIU-Ghaziabad,PIU,Ghaziabad,Uttar Pradesh,Project Director (PIU),,"R-7/6, Raj Nagar, Ghaziabad",95120-2782406,,,"NHAI 'State Wise RO, PIUs and CMU List' (nhai.gov.in/nhai/Doc/24march14/piu-ro-cmulist.pdf), dated March 2014",2014-03
150,PIU-Gorakhpur,PIU,Gorakhpur,Uttar Pradesh,Project Director (PIU),,"Shivalaya 633, Mohaddipur, Gorakhpur 273008",0551-2204539,,,"NHAI 'State Wise RO, PIUs and CMU List' (nhai.gov.in/nhai/Doc/24march14/piu-ro-cmulist.pdf), dated March 2014",2014-03
151,PIU-Jhansi (EW),PIU,Jhansi,Uttar Pradesh,Project Director (PIU) (EW),,"House N-43/1A, In front of Mahila Polytechnic College, Jhansi 284003",,,,"NHAI 'State Wise RO, PIUs and CMU List' (nhai.gov.in/nhai/Doc/24march14/piu-ro-cmulist.pdf), dated March 2014",2014-03
152,PIU-Kanpur,PIU,Kanpur,Uttar Pradesh,Project Director (PIU),,"Roli House, 128/589, K-Block, Kidwai Nagar, Kanpur 208011",0512-2603178 / 2603174,,,"NHAI 'State Wise RO, PIUs and CMU List' (nhai.gov.in/nhai/Doc/24march14/piu-ro-cmulist.pdf), dated March 2014",2014-03
153,RO-Lucknow,RO,Lucknow,Uttar Pradesh,Chief General Manager (Regional Officer),,"3/248, Vishal Khand, Gomti Nagar, Lucknow 226010",0522-2391287,,,"NHAI 'State Wise RO, PIUs and CMU List' (nhai.gov.in/nhai/Doc/24march14/piu-ro-cmulist.pdf), dated March 2014",2014-03
154,PIU-Lucknow,PIU,Lucknow,Uttar Pradesh,Project Director (PIU),,"1/73G, Vineet Khand, Gomti Nagar, Lucknow 226010",0522-2726167,,,"NHAI 'State Wise RO, PIUs and CMU List' (nhai.gov.in/nhai/Doc/24march14/piu-ro-cmulist.pdf), dated March 2014",2014-03
155,PIU-Bareilly,PIU,Bareilly,Uttar Pradesh,Project Director (PIU),,"25 Green Park, Beesalpur Road, Bareilly 243006",0581-2523752,,,"NHAI 'State Wise RO, PIUs and CMU List' (nhai.gov.in/nhai/Doc/24march14/piu-ro-cmulist.pdf), dated March 2014",2014-03
156,PIU-Rae Bareli,PIU,Rae Bareli,Uttar Pradesh,Project Director (PIU),,"784 Vishnu Nagar (Opp. Satyam Hospital), Rae Bareli 229001",0535-2702527 / 2702526 / 08765956201,,,"NHAI 'State Wise RO, PIUs and CMU List' (nhai.gov.in/nhai/Doc/24march14/piu-ro-cmulist.pdf), dated March 2014",2014-03
157,PIU-Moradabad,PIU,Moradabad,Uttar Pradesh,Project Director (PIU),,"Saroj Villa, Near Prakash Enclave, Kanth Road, Moradabad",0591-2330533,,,"NHAI 'State Wise RO, PIUs and CMU List' (nhai.gov.in/nhai/Doc/24march14/piu-ro-cmulist.pdf), dated March 2014",2014-03
158,PIU-Meerut,PIU,Meerut,Uttar Pradesh,Project Director (PIU),,"B-88, European Estate Colony, Near Best Price, NH-58, Meerut Bypass, Kankarkheda 250001",0121-2959090 / 2559823,,,"NHAI 'State Wise RO, PIUs and CMU List' (nhai.gov.in/nhai/Doc/24march14/piu-ro-cmulist.pdf), dated March 2014",2014-03
159,PIU-Varanasi,PIU,Varanasi,Uttar Pradesh,Project Director (PIU),,"S-8/108, DIG Colony, Maqbool Alam Road, Varanasi 220001",0542-2208073 / 2203530,,,"NHAI 'State Wise RO, PIUs and CMU List' (nhai.gov.in/nhai/Doc/24march14/piu-ro-cmulist.pdf), dated March 2014",2014-03
160,PIU-Bulandshahr,PIU,Bulandshahr,Uttar Pradesh,Project Director (PIU),,"A-215, Yamunapuram, Near Saidham, Bulandshahr",280481,,,"NHAI 'State Wise RO, PIUs and CMU List' (nhai.gov.in/nhai/Doc/24march14/piu-ro-cmulist.pdf), dated March 2014",2014-03
161,PIU-Aligarh,PIU,Aligarh,Uttar Pradesh,Project Director (PIU),,"47-48, Dream City Colony, Opp. Bal Jeevan Ghutti, G.T. Road, Sarsol, Aligarh",,,,"NHAI 'State Wise RO, PIUs and CMU List' (nhai.gov.in/nhai/Doc/24march14/piu-ro-cmulist.pdf), dated March 2014",2014-03
162,RO-Dehradun,RO,Dehradun,Uttarakhand,Project Director (listed as RO),,"PIU-Dehradun, House No.5, Lane-4, Sector-4, Teg Bahadur Road, Dehradun",0135-2669562,,,"NHAI 'State Wise RO, PIUs and CMU List' (nhai.gov.in/nhai/Doc/24march14/piu-ro-cmulist.pdf), dated March 2014",2014-03
163,PIU-Dehradun,PIU,Dehradun,Uttarakhand,Project Director (PIU),,"House No.5, Lane-4, Sector-4, Teg Bahadur Road, Dehradun",0135-2669562,,,"NHAI 'State Wise RO, PIUs and CMU List' (nhai.gov.in/nhai/Doc/24march14/piu-ro-cmulist.pdf), dated March 2014",2014-03
164,PIU-Rudrapur,PIU,Rudrapur,Uttarakhand,Project Director (PIU),,"A-42, Green Park, Rudrapur",,,,"NHAI 'State Wise RO, PIUs and CMU List' (nhai.gov.in/nhai/Doc/24march14/piu-ro-cmulist.pdf), dated March 2014",2014-03
165,PIU-Durgapur,PIU,Durgapur,West Bengal,Project Director (PIU),,"NHAI Complex, Sector 2(A), Bidhannagar, Durgapur 713212",0343-2534815 / 2535766,dur@nhai.org,,"NHAI 'State Wise RO, PIUs and CMU List' (nhai.gov.in/nhai/Doc/24march14/piu-ro-cmulist.pdf), dated March 2014",2014-03
166,PIU-Kharagpur,PIU,Kharagpur,West Bengal,Project Director (PIU),,"NH-60, NHAI Complex, Near Chaurangi, P.O. Inda, Kharagpur 721305",03222-227681 / 227680,,,"NHAI 'State Wise RO, PIUs and CMU List' (nhai.gov.in/nhai/Doc/24march14/piu-ro-cmulist.pdf), dated March 2014",2014-03
167,PIU-Kolkata,PIU,Kolkata,West Bengal,Project Director (PIU),,"White House, 2nd Floor, A-Block, Park Street, Kolkata 700016",033-22268130 / 22268131,,,"NHAI 'State Wise RO, PIUs and CMU List' (nhai.gov.in/nhai/Doc/24march14/piu-ro-cmulist.pdf), dated March 2014",2014-03
168,RO-Kolkata,RO,Kolkata,West Bengal,Chief General Manager (Regional Officer),,"White House, 2nd Floor, A-Block, 119 Park Street, Kolkata 700016",033-22268130 / 22268131,,,"NHAI 'State Wise RO, PIUs and CMU List' (nhai.gov.in/nhai/Doc/24march14/piu-ro-cmulist.pdf), dated March 2014",2014-03
169,PIU-Krishnagar,PIU,Krishnagar,West Bengal,Project Director (PIU),,"P.O. & Vill. Bhatjangla, Near FCI Godown, Krishnagar, Nadia 741102",03472-271713,,,"NHAI 'State Wise RO, PIUs and CMU List' (nhai.gov.in/nhai/Doc/24march14/piu-ro-cmulist.pdf), dated March 2014",2014-03
170,PIU-Malda,PIU,Malda,West Bengal,Project Director (PIU),,"UCO Bank Building, 2nd Floor, Mangalbari (NH-34), Malda 732142",,,,"NHAI 'State Wise RO, PIUs and CMU List' (nhai.gov.in/nhai/Doc/24march14/piu-ro-cmulist.pdf), dated March 2014",2014-03
171,PIU-Haldia,PIU,Haldia,West Bengal,Project Director (PIU),,"12th Km on NH-41, Near Mecheda, Vill. Sonapetya, PO Gobindapur, Purba Medinipur 721627",03228-329857 / 218019,,,"NHAI 'State Wise RO, PIUs and CMU List' (nhai.gov.in/nhai/Doc/24march14/piu-ro-cmulist.pdf), dated March 2014",2014-03
172,PIU-Siliguri,PIU,Siliguri,West Bengal,Project Director (PIU),,"Sevoke Road, 2.5 Mile, Jyotinagar, Near Don Bosco School, Siliguri 734001",0353-2540564,,,"NHAI 'State Wise RO, PIUs and CMU List' (nhai.gov.in/nhai/Doc/24march14/piu-ro-cmulist.pdf), dated March 2014",2014-03
173,PIU-Nandyal,PIU,Nandyal,Andhra Pradesh,Project Director (PIU),,"House 25/636, Doctor's House, 1st Floor, Sree Nivas Nagar, Nandyal, Kurnool",08514-225089,,State not given in source,"NHAI 'State Wise RO, PIUs and CMU List' (nhai.gov.in/nhai/Doc/24march14/piu-ro-cmulist.pdf), dated March 2014",2014-03
174,PIU-Hospet,PIU,Hospet,Karnataka,Project Director (PIU),,"C-10, Shreenilayam, Postman 2nd Cross, Vivekananda Nagar, RTO Office, Hospet 583201",08394231569,,State not given in source,"NHAI 'State Wise RO, PIUs and CMU List' (nhai.gov.in/nhai/Doc/24march14/piu-ro-cmulist.pdf), dated March 2014",2014-03
175,PIU-Gaya,PIU,Gaya,Bihar,Project Director (PIU),"Niraj Gaur, DGM (Tech) (as of source date)","H.No.70/244, West Jagjiwan Road, Opp. Judicial Quarter, Chanakyapuri Colony, Gaya 823001",9708770660,gaya@nhai.org,State not given in source,"NHAI 'State Wise RO, PIUs and CMU List' (nhai.gov.in/nhai/Doc/24march14/piu-ro-cmulist.pdf), dated March 2014",2014-03
176,PIU-Hisar,PIU,Hisar,Haryana,Project Director (PIU),,"H.No.273-S, Near Gurudwara, Model Town, Hisar 125005",097836-66466,Piuhisar@gmail.com,State not given in source,"NHAI 'State Wise RO, PIUs and CMU List' (nhai.gov.in/nhai/Doc/24march14/piu-ro-cmulist.pdf), dated March 2014",2014-03
